"id","user_id","origin_id","destination_id","start_time","end_time","origin_lat","origin_lon","destination_lat","destination_lon","trip_distance","duration_without_stops","duration_with_stops","waypoints","num_intermediate_stops","min_intermediate_stop_duration","max_intermediate_stop_duration","avg_intermediate_stop_duration"
"5376356615840","39","1639570","1639562","2016-11-03 13:00:50","2016-11-03 15:27:35","42.226120504405266","-72.02171698245394","42.95950506149778","-71.43136963398939","99.44760420918","6655.0","15685.0","via:42.1402332622349,-72.0239481311161|via:42.1402332622349,-72.0239481311161|via:42.958240026893726,-71.43588859930539","3","350.0","1800.0","1316.6666666666667"
"5388184388555","39","1641135","1641602","2016-11-03 20:43:45","2016-11-03 20:47:15","42.22660411463258","-72.03111034390244","42.226015552510894","-72.02267655550683","0.57862097025","210.0","210.0","","0","0","0","0"
"5376799307917","40","1639628","1639639","2016-11-03 12:34:55","2016-11-03 13:49:25","42.33982259834508","-71.01975941625611","42.0774036","-71.8596086","61.9298000336","4260.0","4470.0","via:42.24487704650466,-71.59180756201391|via:42.24487704650466,-71.59180756201391","2","210.0","210.0","210.0"
"5431264174350","40","1647179","1648655","2016-11-03 17:14:50","2016-11-04 10:30:30","42.33929547619346","-71.02074687204104","42.0774036","-71.8596086","86.78418433665","6880.0","62140.0","","0","0","0","0"
"5626153983460","41","1677220","1677225","2016-11-07 11:42:26","2016-11-07 11:58:56","42.33218390344399","-71.07325085777501","42.308495383216865","-71.11530164787091","3.63908004761","990.0","990.0","","0","0","0","0"
"5637420493907","41","1678398","1679404","2016-11-07 14:39:51","2016-11-07 15:30:21","42.46742936590232","-71.11083370037443","42.32067627069996","-71.09898316542782","17.3449001312","3030.0","3030.0","","0","0","0","0"
"5441123190781","48","1648943","1649881","2016-11-04 13:38:20","2016-11-04 14:43:30","40.782770200308164","-73.85283987858992","40.699789907244565","-73.91209424478868","10.96387016773","2270.0","3910.0","via:40.7807811260284,-73.83907985339289","1","1640.0","1640.0","1640.0"
"6326202754247","49","1778505","1778516","2016-11-20 13:20:04","2016-11-20 14:28:39","42.10190189966997","-72.62110874999722","41.292236546150335","-72.90301659346551","63.4177017212","4115.0","4115.0","","0","0","0","0"
"6326469533706","49","1778546","1778550","2016-11-22 13:58:09","2016-11-22 15:50:34","41.653435662969535","-72.63088839406356","42.43160835944241","-73.31606300426581","97.2662963867","6745.0","6745.0","","0","0","0","0"
"6327739481232","49","1778552","1778901","2016-11-22 19:35:44","2016-11-22 22:55:59","41.287206263962204","-72.9000909825808","41.29220428109683","-72.90334225764664","119.26492786415","7455.0","12015.0","via:41.285750150640894,-72.83243793635634|via:41.547757701411896,-72.09372440048662","2","1815.0","2745.0","2280.0"
"6333240500001","49","1779498","1779501","2016-11-23 01:30:14","2016-11-23 01:55:19","41.94301704636888","-72.65888259113048","42.100569588056274","-72.62099792162817","15.6712999344","1505.0","1505.0","","0","0","0","0"
"6295752249703","38","1774222","1774228","2016-11-18 15:16:24","2016-11-18 18:41:43","42.49710983333333","-73.6703615278","42.397066810185876","-72.62319995342791","89.60975763201","5579.0","12319.0","","0","0","0","0"
"6105408691462","37","1746938","1747459","2016-11-14 16:46:46","2016-11-14 17:08:41","41.6737607","-72.8529666","41.529266237233976","-72.80706898401573","17.32970047","1315.0","1315.0","","0","0","0","0"
"6300781408717","37","1774928","1774939","2016-11-21 16:46:44","2016-11-21 16:52:40","42.4947430432417","-71.11868481682816","42.49777730350713","-71.14105596583256","2.07422995567","356.0","356.0","","0","0","0","0"
"6363264132738","37","1783712","1783713","2016-11-23 14:53:40","2016-11-23 15:09:45","41.6737607","-72.8529666","41.61093056883696","-72.71141401086958","14.4540996552","965.0","965.0","","0","0","0","0"
"6581757980260","37","1813985","1814170","2016-11-28 13:08:05","2016-11-28 13:24:55","41.69884861403276","-72.86855275416829","41.67787110150602","-72.94581703509326","6.24589014053","1010.0","1010.0","","0","0","0","0"
"6664823829452","37","1825257","1825721","2016-11-30 14:48:25","2016-11-30 14:53:50","41.65684156144148","-72.90445111290367","41.64281253493136","-72.88937503057224","2.43630003929","325.0","325.0","","0","0","0","0"
"6699333632218","46","1825771","1834647","2016-11-30 18:22:11","2016-12-01 04:57:11","42.39699811036316","-72.62182800169126","41.121486249648065","-78.73533454732753","501.4862041472","29400.0","38100.0","via:42.110099960080944,-72.61008803540108|via:42.110099960080944,-72.61008803540108|via:41.547900965367525,-73.72242228787923|via:41.503499504636046,-74.22157947130125|via:41.503499504636046,-74.22157947130125|via:41.503499504636046,-74.22157947130125|via:41.35878716227099,-75.22003326544557","7","530.0","3935.0","2667.8571428571427"
"6441095769646","46","1793606","1795570","2016-11-25 05:23:47","2016-11-25 12:39:47","42.34396572986843","-71.03643053541944","40.35539176811493","-74.4564039682055","316.37619781489997","17440.0","26160.0","via:41.55774415087762,-71.66961883706253|via:41.147361802628936,-73.25666815570261","2","375.0","8345.0","4360.0"
"6343295103675","46","1780724","1781099","2016-11-23 04:50:06","2016-11-23 07:17:06","41.64178502427663","-72.66453374683789","42.425047387226606","-71.00484398945754","123.6431026459","7065.0","8820.0","via:42.3118810350605,-71.36367248559225","1","1755.0","1755.0","1755.0"
"6712396704243","49","1831847","1832138","2016-12-01 17:28:24","2016-12-01 18:51:54","41.295252980049185","-72.90236445782806","42.18652066528094","-72.57702918053067","72.7005996704","5010.0","5010.0","","0","0","0","0"
"6716603619106","49","1832438","1832695","2016-12-01 20:55:54","2016-12-01 21:05:44","42.11835111890729","-72.577339456001","42.138920747513815","-72.5822790090339","2.59745001793","590.0","590.0","","0","0","0","0"
"6675233181102","49","1826432","1827396","2016-11-30 19:14:54","2016-11-30 21:44:09","42.280807728771606","-73.24976854181628","42.16707158090551","-71.20696188404321","144.621994019","8955.0","8955.0","","0","0","0","0"
"6625597184110","49","1819979","1820239","2016-11-29 14:06:04","2016-11-29 14:21:29","42.11819269592938","-72.57747688908381","42.08604353359142","-72.6188697679896","8.51937961578","925.0","925.0","","0","0","0","0"
"6628491474101","49","1820503","1820510","2016-11-29 15:35:59","2016-11-29 16:08:24","42.11838761379126","-72.57724611051772","42.32985049378788","-72.63523756676774","23.1728000641","1945.0","1945.0","","0","0","0","0"
"6634128962212","49","1820990","1821571","2016-11-29 18:16:24","2016-11-29 19:58:09","42.118180233548316","-72.57708790115558","42.20182075258016","-73.34981739326534","60.7627010345","4260.0","6105.0","via:42.296257492958816,-73.24003934987735","1","1845.0","1845.0","1845.0"
"6637819390322","49","1821777","1821797","2016-11-29 22:02:04","2016-11-29 22:26:04","42.11848696434218","-72.57678995941276","42.1831958563569","-72.63210831250294","9.19904994965","1440.0","1440.0","","0","0","0","0"
"6534474005001","49","1807548","1807551","2016-11-27 14:05:39","2016-11-27 14:22:59","42.118238306050046","-72.57757416382232","42.183234028410766","-72.63211081297499","8.82314014435","1040.0","1040.0","","0","0","0","0"
"6539192562161","49","1808053","1808351","2016-11-27 16:06:14","2016-11-27 16:14:49","42.11839641784721","-72.57722084621501","42.138907070286805","-72.58224139239306","2.66087007523","515.0","515.0","","0","0","0","0"
"6543185682682","49","1808612","1808896","2016-11-27 18:11:04","2016-11-27 18:41:24","42.118260258702605","-72.57718975405643","42.32987576883231","-72.63519826298258","23.5279006958","1820.0","1820.0","","0","0","0","0"
"6551526697423","49","1809781","1810032","2016-11-27 21:36:04","2016-11-27 22:21:19","42.11839268911936","-72.57731556816654","42.58600608082877","-72.62458665571913","36.6875991821","2715.0","2715.0","","0","0","0","0"
"6490469425326","49","1801451","1801455","2016-11-26 13:59:09","2016-11-26 14:14:29","42.118276623057255","-72.57721477370926","42.183198554276636","-72.63208426699508","9.06857967377","920.0","920.0","","0","0","0","0"
"6494786425635","49","1801929","1802175","2016-11-26 15:53:49","2016-11-26 16:29:19","42.11825069395024","-72.5775954147276","42.291543365435196","-72.40993905694138","20.4200992584","2130.0","2130.0","","0","0","0","0"
"6500280242944","49","1802690","1802938","2016-11-26 18:29:49","2016-11-26 19:34:54","42.11827591495752","-72.57700001942334","42.20175810667328","-73.34982118128181","66.2390975952","3905.0","3905.0","","0","0","0","0"
"6451307432343","49","1795887","1796133","2016-11-25 14:46:49","2016-11-25 15:06:09","42.118375063319085","-72.57730972287553","42.06730162942185","-72.67708939251474","11.8563995361","1160.0","1160.0","","0","0","0","0"
"6455446104057","49","1796493","1796679","2016-11-25 16:53:09","2016-11-25 17:24:24","42.11842693943653","-72.57727960838014","42.329861512636484","-72.63523656257578","23.1784000397","1875.0","1875.0","","0","0","0","0"
"6460574580125","49","1797174","1797425","2016-11-25 20:21:14","2016-11-25 20:29:49","42.118285632630304","-72.57726950908446","42.12789969608019","-72.55978787139038","1.29953300953","305.0","515.0","via:42.12463870930465,-72.56723888760231","1","210.0","210.0","210.0"
"6356445042447","49","1782407","1783106","2016-11-23 14:29:34","2016-11-23 14:44:09","42.11822431646056","-72.57743622905394","42.08596530584505","-72.61895242238847","7.99137020111","875.0","875.0","","0","0","0","0"
"6366196895062","49","1783813","1784434","2016-11-23 17:07:24","2016-11-23 18:56:34","41.29504760749836","-72.90236723215148","42.372602804953516","-72.50055001055037","89.1620025635","6550.0","6550.0","","0","0","0","0"
"6371446869614","49","1784725","1784993","2016-11-23 20:49:34","2016-11-23 21:35:04","42.11829727622572","-72.577545407851","42.58622251563126","-72.62464621266713","37.0047988892","2730.0","2730.0","","0","0","0","0"
"6298222213807","49","1774570","1774576","2016-11-18 14:40:09","2016-11-18 15:45:49","42.11833087941156","-72.57725915060983","42.20161781053983","-73.34982840745957","60.1627006531","3940.0","3940.0","","0","0","0","0"
"6298286098615","49","1774579","1774585","2016-11-18 18:42:24","2016-11-18 20:45:04","41.65348854926664","-72.63089199914933","42.43163867076694","-73.31605615641845","96.17511224748","6880.0","7360.0","","0","0","0","0"
"6312231382188","49","1774589","1778502","2016-11-18 23:44:49","2016-11-18 23:49:09","42.118212040229125","-72.57736354900405","42.127807964408376","-72.55980320292406","1.2661999464","260.0","260.0","","0","0","0","0"
"6250781710014","49","1767875","1767879","2016-11-17 13:56:54","2016-11-17 14:26:04","42.11827758076352","-72.5775615248852","42.15013951277273","-72.81471321682078","21.5128993988","1750.0","1750.0","","0","0","0","0"
"6272566765963","49","1770952","1770958","2016-11-17 18:01:59","2016-11-17 19:21:09","41.29227327369019","-72.90297048208924","41.98590951060075","-72.80000138379116","62.8375015259","4750.0","4750.0","","0","0","0","0"
"6282229276648","49","1771192","1773445","2016-11-17 21:53:19","2016-11-18 00:26:04","41.98632420115153","-72.80021596051233","42.47338360694918","-73.16200078567046","121.098999023","9165.0","9165.0","","0","0","0","0"
"6247511564452","49","1767412","1767417","2016-11-16 16:51:44","2016-11-16 19:07:54","42.281567429153895","-73.25045588487463","42.168621883912294","-71.20668967722128","132.057006836","8170.0","8170.0","","0","0","0","0"
"6019152290187","49","1734563","1735062","2016-11-13 15:27:19","2016-11-13 16:15:14","41.29235618140558","-72.90318025568344","41.72555456418579","-72.73244687564026","35.0284004211","2875.0","2875.0","","0","0","0","0"
"6027652403312","49","1735537","1736537","2016-11-13 17:59:39","2016-11-13 18:58:49","41.292227827170535","-72.90311854345475","41.987977687042715","-72.5770814128633","55.8381004333","3550.0","3550.0","","0","0","0","0"
"6038354612696","49","1737049","1738106","2016-11-13 21:31:04","2016-11-13 21:41:44","42.11843427869355","-72.57711749850668","42.21544650518525","-72.61760241215823","2.87646007538","640.0","3260.0","","0","0","0","0"
"5979158643459","49","1728780","1729299","2016-11-12 15:47:59","2016-11-12 17:14:09","41.29542382982328","-72.90240580661128","42.34234550745062","-72.59506658377008","85.1614990234","5170.0","5170.0","","0","0","0","0"
"5985201435231","49","1729646","1730180","2016-11-12 20:11:44","2016-11-12 22:41:14","42.58694588267082","-73.76734769408836","42.81922221713344","-72.53781452347394","144.518005371","8970.0","8970.0","","0","0","0","0"
"5933754127988","49","1722286","1722638","2016-11-11 14:46:19","2016-11-11 14:53:49","42.11839085587944","-72.57721664477594","42.13888523252363","-72.5822668108482","2.54450011253","450.0","450.0","","0","0","0","0"
"5944007205587","49","1723362","1724537","2016-11-11 17:55:49","2016-11-11 20:20:44","41.29218649290488","-72.90293412721547","42.43163802614457","-73.31608055726102","129.86000061","8695.0","8695.0","","0","0","0","0"
"5907305972056","49","1718123","1719115","2016-11-10 19:13:24","2016-11-10 21:31:54","42.28188142822081","-73.25015507260943","42.16705319703668","-71.20707699699844","152.337005615","8310.0","8310.0","","0","0","0","0"
"5826574849391","49","1705564","1708106","2016-11-09 15:49:34","2016-11-09 18:09:34","42.28190717868609","-73.25016422435772","42.168542132343134","-71.20668743731973","144.574005127","8400.0","8400.0","","0","0","0","0"
"5737503601410","49","1692570","1694907","2016-11-08 18:23:09","2016-11-08 20:37:04","42.2819304793308","-73.2501146563076","42.166685654491594","-71.20717743322595","145.845993042","8035.0","8035.0","","0","0","0","0"
"5552834777645","49","1666257","1666259","2016-11-06 14:06:42","2016-11-06 15:12:14","42.118597627116955","-72.57739387570169","42.59792658990473","-72.595748519296","43.2631988525","3932.0","3932.0","","0","0","0","0"
"5562389878867","49","1667168","1668214","2016-11-06 17:00:34","2016-11-06 18:20:14","42.11835965586597","-72.5773350718382","42.201877251703095","-73.34987017880476","61.7806997299","3985.0","4780.0","via:42.296421305205,-73.2404714093731","1","795.0","795.0","795.0"
"5571412410066","49","1668761","1669325","2016-11-06 20:26:29","2016-11-06 21:01:24","42.11848532469732","-72.57727612269004","42.29156595702362","-72.40996952277624","21.978099823","2095.0","2095.0","","0","0","0","0"
"5579249654472","49","1669922","1670511","2016-11-06 22:53:19","2016-11-06 23:23:54","42.11841766605423","-72.57734664413078","42.3298832716025","-72.63518706018674","23.1877002716","1835.0","1835.0","","0","0","0","0"
"5509367512353","49","1659722","1659725","2016-11-05 16:20:33","2016-11-05 16:23:44","42.11839678768658","-72.57761503678017","42.47125489934794","-72.61557523920001","0","191.0","7567.0","","0","0","0","0"
"5511316200903","49","1659726","1660308","2016-11-05 17:50:44","2016-11-05 18:53:54","42.118436961233016","-72.5772782667297","42.261218347583224","-71.82048492376032","50.4650001526","3790.0","3790.0","","0","0","0","0"
"5519768928611","49","1660878","1661701","2016-11-05 21:41:04","2016-11-06 00:03:59","42.39506069516731","-71.02077619664566","42.586252474007125","-72.6246649316306","121.68800354","8575.0","8575.0","","0","0","0","0"
"5456569339631","49","1651128","1652375","2016-11-04 18:00:20","2016-11-04 20:48:45","42.39670079823832","-71.00829273064508","42.4685195391456","-72.61375771047324","147.51499939","10105.0","10105.0","","0","0","0","0"
"5467545790516","49","1653208","1653616","2016-11-04 23:28:35","2016-11-04 23:47:55","42.1183418976561","-72.57737518035069","42.21543010615936","-72.61767742717407","13.0069999695","1160.0","1160.0","","0","0","0","0"
"5472917393004","49","1654020","1654428","2016-11-05 01:02:15","2016-11-05 01:17:25","42.118339632915905","-72.57725205823047","42.18321968301341","-72.63206451794778","8.7168302536","910.0","910.0","","0","0","0","0"
"5115114727017","25","1638083","1560389","2014-10-02 02:03:00","2014-10-02 05:42:21","1.3038001876712455","103.77405659726003","1.296275343053383","103.78130054957344","0.9928560257","3080.0","13161.0","","0","0","0","0"
"6362140443161","54","1783554","1783556","2016-11-23 15:08:42","2016-11-23 15:32:22","42.25916404313649","-71.82170289019412","42.245855793498286","-71.8957909857204","7.1156971454599995","835.0","1420.0","via:42.24520246186693,-71.90763414124324","1","585.0","585.0","585.0"
"6378477584673","54","1785842","1785845","2016-11-23 16:21:17","2016-11-23 16:53:12","42.18775701041426","-71.85470250892857","42.276076927628154","-71.74183210304065","14.5747003555","1915.0","1915.0","","0","0","0","0"
"6330970061522","54","1779180","1779181","2016-11-22 05:23:37","2016-11-22 05:37:27","42.230790290324705","-72.03340726881937","42.24576555734345","-71.89564215140473","9.48653030396","830.0","830.0","","0","0","0","0"
"6333592845906","54","1779543","1779555","2016-11-22 23:07:47","2016-11-22 23:50:52","41.764494959586344","-72.64511623379892","41.74473213579098","-72.83309841210438","14.93963682653","2155.0","2585.0","","0","0","0","0"
"6096127605541","54","1745869","1745871","2016-11-14 12:56:17","2016-11-14 12:59:37","42.20064074860495","-71.9206390468756","42.195114234914556","-71.90478575377091","1.23153996468","200.0","200.0","","0","0","0","0"
"6123572083232","54","1749795","1749796","2016-11-14 14:31:32","2016-11-14 15:03:02","42.34219081054444","-71.57147815384018","42.63685938555625","-71.345735701714","30.8955001831","1890.0","1890.0","","0","0","0","0"
"6123614078408","54","1749801","1749802","2016-11-14 16:52:32","2016-11-14 16:54:22","42.245771166663395","-71.9131453125018","42.24582944537133","-71.89642537805835","0.95333600044","110.0","110.0","","0","0","0","0"
"5512800356162","54","1660240","1660241","2016-11-05 17:04:17","2016-11-05 17:25:37","42.20446059751701","-71.9378569326266","42.07196612234256","-71.87086533333617","12.8837003708","1280.0","1280.0","","0","0","0","0"
"5567227234945","54","1668415","1668417","2016-11-06 16:32:17","2016-11-06 16:42:02","42.033274241692155","-71.82470828523537","42.056846244685104","-71.8716035177319","4.58174991608","585.0","585.0","","0","0","0","0"
"5578561545992","54","1670113","1670114","2016-11-06 20:25:52","2016-11-06 20:28:22","42.24527582877534","-71.90773693378901","42.24608958193549","-71.89616889369037","0.761729002","150.0","150.0","","0","0","0","0"
"5656058258413","54","1671161","1692187","2016-11-06 23:47:37","2016-11-07 00:34:32","42.279096858821184","-71.82837412745528","42.24584341085174","-71.89564784593375","12.84941005707","1660.0","2815.0","via:42.25359075729057,-71.7915720948815","1","1155.0","1155.0","1155.0"
"5727007223442","54","1692188","1692189","2016-11-07 01:24:02","2016-11-07 01:39:17","42.30758834848283","-71.98454709595859","42.34078399588026","-71.94318451029133","7.25843000412","915.0","915.0","","0","0","0","0"
"5737964306498","54","1693806","1693807","2016-11-08 18:17:37","2016-11-08 18:37:22","42.13354782248875","-71.86474140434142","41.92584048124962","-71.86951227666938","14.8759002686","1185.0","1185.0","","0","0","0","0"
"5748368995458","54","1693811","1696872","2016-11-08 20:20:52","2016-11-09 00:41:32","42.2899135950433","-71.5499980588027","43.908759783907584","-69.94718482758273","193.71868771315002","13005.0","15640.0","via:42.2901412174756,-71.55776857317072|via:42.59594239800746,-71.36761414178957|via:42.86951348633625,-70.88375402998784","3","330.0","700.0","478.3333333333333"
"6707114276242","41","1830997","1831546","2016-12-01 15:31:08","2016-12-01 16:05:03","42.48779174864391","-71.13091400720646","42.40021302110952","-71.03092552638678","12.68798995014","1765.0","2035.0","via:42.47956000303454,-71.12274434242727","1","270.0","270.0","270.0"
"6752213493622","41","1832080","1842756","2016-12-01 18:50:58","2016-12-01 19:20:23","42.7824654817892","-71.24470381346694","42.4877171003663","-71.13095358931604","22.6996002197","1765.0","1765.0","","0","0","0","0"
"6629835076345","41","1820690","1820692","2016-11-29 15:44:29","2016-11-29 16:07:14","42.487755831879156","-71.13107618116175","42.36787110519622","-71.07349025105424","10.9260997772","1365.0","1365.0","","0","0","0","0"
"6647215851624","41","1821156","1824996","2016-11-29 19:12:14","2016-11-30 13:01:06","42.51297776474445","-71.13628050288382","41.63249345628195","-71.00727839344262","76.35894274713999","5745.0","64132.0","","0","0","0","0"
"6584363253940","41","1814434","1814439","2016-11-28 13:22:38","2016-11-28 14:26:43","42.48776025225223","-71.1309409909892","42.367201522070836","-71.07500214769357","11.577930450430001","3605.0","3845.0","via:42.47960420252998,-71.12231714567555","1","240.0","240.0","240.0"
"6589749604334","41","1814926","1815431","2016-11-28 16:31:18","2016-11-28 17:16:33","42.48776221277385","-71.13096507529417","42.646825428522725","-71.34288885474368","23.8738994598","2715.0","2715.0","","0","0","0","0"
"6608782775327","41","1815675","1819921","2016-11-28 20:31:28","2016-11-29 11:03:04","42.512923107162365","-71.13631430813899","42.198377220131434","-70.76758191295025","47.192718744299995","7186.0","52296.0","","0","0","0","0"
"6319325344067","41","1777348","1777739","2016-11-22 15:12:11","2016-11-22 15:49:31","42.48802809753053","-71.1312172903365","42.39503918925192","-71.03733029386237","11.4846000671","2240.0","2240.0","","0","0","0","0"
"6337440817946","41","1778343","1781836","2016-11-22 19:01:01","2016-11-23 11:32:16","42.48776682400884","-71.1309919992735","42.28056300257107","-71.76550402677796","75.18203659352","7735.0","59475.0","","0","0","0","0"
"6301235800011","41","1774994","1775001","2016-11-21 14:44:16","2016-11-21 15:34:46","42.51287397025614","-71.13613410479371","42.40810002612205","-71.11853718770338","10.75403022766","1495.0","3030.0","via:42.47958464904231,-71.12195652242981","1","330.0","330.0","330.0"
"6314964003650","41","1776940","1776920","2016-11-21 19:42:26","2016-11-22 11:52:16","42.51687374524","-71.14014907382713","42.30854113141823","-71.11554129991077","33.53240013119","3670.0","58190.0","","0","0","0","0"
"5393083346450","41","1642114","1642115","2016-11-03 18:40:12","2016-11-03 18:45:47","42.52073979028848","-71.12930298900494","42.474472823915185","-71.11006610282556","1.95526003838","335.0","335.0","","0","0","0","0"
"5447699735198","41","1649772","1651045","2016-11-04 15:13:23","2016-11-04 16:02:53","42.48782596040774","-71.13093646534942","42.64640935950768","-71.34247796365523","25.374290108660002","2700.0","2970.0","via:42.47953403333818,-71.12276179697092","1","270.0","270.0","270.0"
"5451932205001","41","1651048","1651051","2016-11-04 16:24:28","2016-11-04 17:07:33","42.65131000757727","-71.32449402273409","42.487926796690104","-71.1312038298892","24.9792003632","2585.0","2585.0","","0","0","0","0"
"5896380608210","41","1716559","1717499","2016-11-10 16:13:23","2016-11-10 17:03:03","42.781800913606894","-71.24467730831589","42.523011270187595","-70.89677189337456","36.4729003906","2980.0","2980.0","","0","0","0","0"
"6106156515510","41","1747067","1747544","2016-11-14 16:58:49","2016-11-14 17:03:59","42.5129902512997","-71.13632371125163","42.52694417763551","-71.14923920613813","1.84795999527","310.0","310.0","","0","0","0","0"
"6109623662663","41","1747546","1748057","2016-11-14 17:40:34","2016-11-14 17:59:49","42.48781509326529","-71.13096608721818","42.53118676705547","-71.1398032291776","6.4548201561","1155.0","1155.0","","0","0","0","0"
"6175746176310","41","1756904","1757564","2016-11-15 15:40:40","2016-11-15 15:50:10","42.51679871642756","-71.14021274166032","42.48776510697631","-71.13090228217021","3.34905004501","570.0","570.0","","0","0","0","0"
"6246698580001","41","1767298","1767301","2016-11-16 14:13:31","2016-11-16 15:00:06","42.488390695906745","-71.13158622763683","42.69765632895938","-71.40888474078895","34.640499115","2795.0","2795.0","","0","0","0","0"
"6247886262209","41","1767306","1767629","2016-11-16 17:03:46","2016-11-17 11:14:43","42.51673856636948","-71.14021652138362","42.64636447549013","-71.34261179474768","28.70504093166","2945.0","65457.0","via:42.47954226975772,-71.12235645532472","1","480.0","480.0","480.0"
"6249120015613","41","1767641","1767643","2016-11-17 14:50:43","2016-11-17 15:35:23","42.48781245274545","-71.13095510670733","42.6533037465526","-71.32648121046624","25.0816001892","2680.0","2680.0","","0","0","0","0"
"6335418795276","52","1779801","1779810","2016-11-04 22:38:54","2016-11-04 23:47:04","42.39622757702491","-71.00844690163899","42.097742921161085","-71.01764849514822","31.5969009399","4090.0","4090.0","","0","0","0","0"
"6335518464803","52","1779816","1779823","2016-11-05 01:54:19","2016-11-05 03:03:59","42.396859792151275","-71.00853380097143","42.094130518944716","-70.71741873702037","43.0912017822","4180.0","4180.0","","0","0","0","0"
"6337355372171","52","1780074","1780081","2016-11-08 03:30:49","2016-11-08 04:36:04","42.39512097910449","-71.02084356840246","42.08124743084221","-70.9884353113146","31.54009985922","3600.0","3915.0","via:42.395679532264516,-71.0519244220419|via:42.395679532264516,-71.0519244220419","2","315.0","315.0","315.0"
"6335586098142","52","1779827","1779831","2016-11-05 06:19:19","2016-11-05 07:17:14","42.39672055857265","-71.00832917360917","42.08104870953659","-70.93101429416146","31.4111995697","3475.0","3475.0","","0","0","0","0"
"6335685768989","52","1779838","1779848","2016-11-05 20:06:24","2016-11-05 20:35:59","42.39624906387249","-71.00856427177828","42.400809118124265","-71.09759869579123","7.29034996033","1775.0","1775.0","","0","0","0","0"
"6335881553283","52","1779869","1779872","2016-11-06 01:01:09","2016-11-06 01:22:44","42.39697933481443","-71.00810764902533","42.40505931795078","-71.10105216666618","7.88093996048","1295.0","1295.0","","0","0","0","0"
"6303149393113","55","1775266","1775268","2016-11-21 14:08:46","2016-11-21 14:36:26","41.6501240655747","-73.05053361609441","41.93151000031453","-73.08111656018691","22.9477005005","1660.0","1660.0","","0","0","0","0"
"5534314786299","52","1663190","1663764","2016-11-06 05:16:54","2016-11-06 06:21:04","42.39661142363205","-71.00806339809189","42.264986623601985","-71.12092865318931","22.2374000549","3850.0","3850.0","","0","0","0","0"
"5539339628285","52","1664059","1664405","2016-11-06 08:16:34","2016-11-06 09:00:39","42.39685418310776","-71.00810468230286","42.30762738911219","-71.10619400634651","13.3683004379","2645.0","2645.0","","0","0","0","0"
"5579032528894","52","1669370","1670998","2016-11-06 21:35:54","2016-11-06 22:41:19","42.39696663988025","-71.00812403618946","42.3119634112895","-71.42986886424515","41.0765991211","3925.0","3925.0","","0","0","0","0"
"5592963872426","52","1672026","1672510","2016-11-07 02:21:49","2016-11-07 02:49:14","42.396899168034935","-71.00828134559978","42.520911144418946","-71.1029614496828","16.4377002716","1645.0","1645.0","","0","0","0","0"
"5598748071509","52","1673001","1673264","2016-11-07 04:19:49","2016-11-07 05:01:19","42.396966540801714","-71.00828372094855","42.30752850128768","-71.10605775441533","13.2861003876","2490.0","2490.0","","0","0","0","0"
"5984350398031","52","1679539","1780041","2016-11-07 16:29:29","2016-11-07 16:40:09","42.39677684900753","-71.0078814858844","42.38775042631271","-71.03786429947701","3.67285990715","640.0","640.0","","0","0","0","0"
"6337259248325","52","1780059","1780069","2016-11-08 00:11:14","2016-11-08 01:19:04","42.39506587188993","-71.02082239017767","42.05270914038439","-71.01136438237295","35.5447998047","4070.0","4070.0","","0","0","0","0"
"6337423015314","52","1780085","1780089","2016-11-08 06:55:44","2016-11-08 07:52:39","42.394996144835346","-71.02069824739633","42.27434406248245","-71.42555589589341","42.9578018188","3415.0","3415.0","","0","0","0","0"
"6337536941426","52","1780101","1780105","2016-11-08 15:48:34","2016-11-08 16:20:24","42.39697849629782","-71.00795766036097","42.46583282562749","-71.10459197125849","12.2497997284","1910.0","1910.0","","0","0","0","0"
"6337657989044","52","1780116","1780124","2016-11-08 21:12:39","2016-11-08 23:14:54","42.39491465141204","-71.02096406628237","42.31215679031932","-71.42961823386855","43.06926101449","6540.0","7335.0","via:42.39381370748979,-71.04662027210614|via:42.39381370748979,-71.04662027210614|via:42.39535312202322,-71.05274448660712","3","240.0","555.0","345.0"
"6337754115915","52","1780130","1780137","2016-11-09 03:25:24","2016-11-09 05:03:39","42.39644697894194","-71.00830489522903","42.29038547853104","-71.80679514915265","65.5557022095","5895.0","5895.0","","0","0","0","0"
"6697891500410","30","1829914","1830110","2016-12-01 11:22:00","2016-12-01 11:32:15","42.23005749999999","-71.75357429999997","42.252322054025875","-71.7800409132256","3.95000004768","615.0","615.0","","0","0","0","0"
"6701482466157","30","1830363","1830642","2016-12-01 13:25:00","2016-12-01 14:03:10","42.23005749999999","-71.75357429999997","42.25763121067242","-71.56138421809453","16.966299057","2290.0","2290.0","","0","0","0","0"
"6707660006274","30","1831196","1831496","2016-12-01 16:16:10","2016-12-01 16:39:15","42.23005749999999","-71.75357429999997","42.34617664526659","-71.54749231008566","19.7845001221","1385.0","1385.0","","0","0","0","0"
"6663045921033","30","1825244","1825247","2016-11-30 14:22:00","2016-11-30 15:51:50","42.173609326859214","-71.21942222977768","42.23005749999999","-71.75357429999997","55.14909935","4715.0","5390.0","via:42.04654757598088,-71.35935082598017","1","675.0","675.0","675.0"
"6627595814912","30","1820383","1820384","2016-11-29 14:40:50","2016-11-29 15:32:45","41.875789599996494","-71.51963391568705","42.23005749999999","-71.75357429999997","39.9734992981","3115.0","3115.0","","0","0","0","0"
"6582973468659","30","1814126","1814364","2016-11-28 13:14:50","2016-11-28 14:10:45","42.55224939823942","-71.47531465544904","42.23005749999999","-71.75357429999997","32.730640173","2785.0","3355.0","via:42.24966868695654,-71.71540235942","1","570.0","570.0","570.0"
"6353967251535","30","1782254","1782564","2016-11-23 12:18:55","2016-11-23 13:04:25","42.1057992857927","-71.67026733177512","41.72922992977471","-71.45075604213088","36.8025016785","2730.0","2730.0","","0","0","0","0"
"6358926882585","30","1782569","1783640","2016-11-23 15:04:45","2016-11-23 16:00:50","42.22683660793986","-71.54827960273462","42.23005749999999","-71.75357429999997","23.26975965503","2270.0","3365.0","via:42.24977737651864,-71.71480376439541","1","1095.0","1095.0","1095.0"
"6316556234063","30","1776831","1777477","2016-11-22 13:03:55","2016-11-22 13:56:00","42.331612678195455","-71.07150408129004","42.23005749999999","-71.75357429999997","45.0742988586","3125.0","3125.0","","0","0","0","0"
"6323862450343","30","1778086","1778277","2016-11-22 19:09:30","2016-11-22 19:43:40","42.23005749999999","-71.75357429999997","41.98338944136572","-71.51519062793386","25.1352005005","2050.0","2050.0","","0","0","0","0"
"6651044863054","45","1822151","1825051","2016-11-29 21:45:08","2016-11-30 01:01:48","38.730974627765","-89.9088370035293","39.79046853617926","-87.23329607440792","189.8770065308","10945.0","11800.0","via:39.06419922878332,-88.67392434768536","1","855.0","855.0","855.0"
"6597103130071","45","1815464","1816918","2016-11-28 17:55:23","2016-11-29 00:43:38","39.876566620422686","-84.18044928570555","38.66711220929275","-88.46050206322934","299.926010132","19312.0","24495.0","via:39.69772952937549,-86.18539533630545","1","3115.0","3115.0","3115.0"
"6559235547652","45","1810943","1810999","2016-11-21 17:42:48","2016-11-21 21:40:58","39.876566620422686","-84.18044928570555","39.582112605407886","-87.69509362207639","236.441001892","13099.0","14290.0","via:39.697484303354,-86.185108626686","1","1191.0","1191.0","1191.0"
"6561202410100","45","1811240","1811245","2016-11-14 17:46:53","2016-11-14 21:59:13","39.876566620422686","-84.18044928570555","39.58236339384118","-87.69440184945533","244.72010421790003","13230.0","15140.0","via:39.697666585735014,-86.18521036045445|via:39.654706744626615,-86.40147601881455","2","615.0","1295.0","955.0"
"6944709188395","30","1863130","1863720","2016-12-02 12:18:55","2016-12-02 12:25:15","42.16395384735048","-71.97654285768427","42.16005520638171","-72.00343536950386","2.78214001656","380.0","380.0","","0","0","0","0"
"6952064211488","30","1864411","1864412","2016-12-02 15:00:25","2016-12-02 15:45:00","42.59571296540472","-71.7593648317632","42.23005749999999","-71.75357429999997","32.8165016174","2675.0","2675.0","","0","0","0","0"
"6986632257445","54","1869040","1869042","2016-12-09 13:18:54","2016-12-09 13:43:34","42.24330756955117","-71.91400567191734","42.292184729778654","-71.80132727276477","11.6705999374","1480.0","1480.0","","0","0","0","0"
"6951437783168","54","1864327","1864328","2016-12-08 16:52:09","2016-12-08 17:16:34","42.22260270461982","-71.98780042244059","42.18063048229195","-71.86426879384584","14.5074996948","1465.0","1465.0","","0","0","0","0"
"6962258822125","54","1865777","1865779","2016-12-08 20:00:19","2016-12-08 20:27:39","42.225479259427814","-71.87794787928914","42.328258251411015","-71.83460576270761","11.1159000397","1640.0","1640.0","","0","0","0","0"
"6303926984258","54","1775376","1775377","2016-11-21 12:09:27","2016-11-21 12:23:27","42.23988108333414","-71.9947955670707","42.24593316589845","-71.89567115063365","7.56662988663","840.0","840.0","","0","0","0","0"
"6303969593378","54","1775382","1775383","2016-11-21 15:32:52","2016-11-21 15:52:02","42.239787528662426","-71.88422065180701","42.114680872492286","-71.8693558743781","9.55430030823","1150.0","1150.0","","0","0","0","0"
"6304005101089","54","1775386","1775389","2016-11-21 16:37:07","2016-11-21 17:27:07","42.239981369499056","-71.9676483852189","42.36953685666998","-71.59935220000101","26.5576000214","3000.0","3000.0","","0","0","0","0"
"6035936145800","54","1737229","1737230","2016-11-13 17:50:22","2016-11-13 18:07:47","42.234245376727806","-72.01271845266272","42.116626232021765","-72.11027784542716","12.3514995575","1045.0","1045.0","","0","0","0","0"
"6061973973458","54","1740972","1740973","2016-11-14 00:20:57","2016-11-14 00:34:27","42.23143330702107","-72.02270373809624","42.18285981880456","-71.99874626190615","6.4504199028","810.0","810.0","","0","0","0","0"
"6981257928013","30","1868321","1868323","2016-12-05 16:15:35","2016-12-05 16:22:50","42.252149948476124","-71.78005209871455","41.956951943598355","-71.48990242499997","2.71399998665","435.0","435.0","","0","0","0","0"
"6990961629334","30","1868326","1870914","2016-12-05 17:56:00","2016-12-05 18:09:35","41.83084435969658","-71.51278198581429","41.723683023721556","-71.40201179999997","5.06817007065","815.0","815.0","","0","0","0","0"
"6306899315645","30","1775790","1775800","2016-11-14 13:22:13","2016-11-14 14:54:58","42.02821255980548","-71.94301185705292","42.12830874147491","-72.73399223057953","59.87504053118","4670.0","5565.0","via:42.170635610579815,-72.45510256290098","1","345.0","345.0","345.0"
"5886254485384","30","1715110","1715998","2016-11-10 13:51:38","2016-11-10 14:53:28","41.78142841748184","-71.36515343917947","42.23005749999999","-71.75357429999997","46.2276992798","3710.0","3710.0","","0","0","0","0"
"5813350971905","30","1704004","1705790","2016-11-09 13:03:03","2016-11-09 15:28:23","43.410086711165064","-71.98965195024314","42.23005749999999","-71.75357429999997","127.51149749749999","7530.0","8720.0","via:43.11001244184385,-71.47770309432723","1","1190.0","1190.0","1190.0"
"5642491916261","30","1679379","1679933","2016-11-07 16:37:23","2016-11-07 16:45:23","42.23005749999999","-71.75357429999997","42.23914441344695","-71.7529465451188","2.65921998024","480.0","480.0","","0","0","0","0"
"5675670094965","30","1679934","1689240","2016-11-07 17:30:43","2016-11-07 17:40:23","42.23005749999999","-71.75357429999997","42.27788448921919","-71.67530507713522","6.97738981247","580.0","580.0","","0","0","0","0"
"5430928003646","30","1647864","1647868","2016-11-04 10:01:43","2016-11-04 11:22:33","42.170855633131964","-71.72636379980295","41.63403444116103","-71.48136503268921","54.3366012573","4850.0","4850.0","","0","0","0","0"
"5446128658916","30","1649736","1650605","2016-11-04 15:12:28","2016-11-04 16:37:18","42.331248294071756","-71.07224644913939","42.23005749999999","-71.75357429999997","48.300500869699995","3150.0","5090.0","via:42.245142560567,-71.5914936138304","1","1940.0","1940.0","1940.0"
"5450377027027","30","1650607","1651021","2016-11-04 17:48:58","2016-11-04 18:31:43","41.916287150465045","-72.25950570123001","42.115374422856654","-71.79314369906164","40.9906005859","2565.0","2565.0","","0","0","0","0"
"5376523852929","30","1639590","1639593","2016-11-03 10:47:23","2016-11-03 12:08:38","42.6503045567588","-71.6614805591147","42.71768299810569","-72.26878359281704","46.4660987854","4875.0","4875.0","","0","0","0","0"
"5377451902183","30","1639594","1639872","2016-11-03 15:48:58","2016-11-03 16:42:28","42.23005749999999","-71.75357429999997","41.99872517762131","-71.41111894617012","33.6082992554","3210.0","3210.0","","0","0","0","0"
"5376494340314","30","1639585","1639589","2016-11-03 09:21:33","2016-11-03 09:24:53","42.23005749999999","-71.75357429999997","42.244902874999475","-71.7585504954728","1.59034001827","200.0","200.0","","0","0","0","0"
"5372402708666","30","1638961","1638965","2016-11-02 10:43:13","2016-11-02 11:04:13","42.23005749999999","-71.75357429999997","42.32950138369065","-71.75038935531913","10.3809995651","1260.0","1260.0","","0","0","0","0"
"5372340428235","30","1638950","1638957","2016-11-02 09:15:08","2016-11-02 09:29:48","42.23005749999999","-71.75357429999997","42.25210976904953","-71.81835878491813","7.1020898819","880.0","880.0","","0","0","0","0"
"5372746896560","30","1638967","1639064","2016-11-02 12:47:43","2016-11-02 13:14:28","42.23005749999999","-71.75357429999997","42.3326021748656","-71.78792428757053","9.47898960114","1605.0","1605.0","","0","0","0","0"
"5376438594483","30","1639577","1639580","2016-11-02 17:11:58","2016-11-02 18:53:23","42.17319218690747","-72.71826249026284","42.10923243350301","-71.82833765151412","67.895898819","3825.0","6085.0","via:42.169257053304285,-72.45278130480698","1","2260.0","2260.0","2260.0"
"5375782782977","30","1639383","1639574","2016-11-02 15:07:28","2016-11-02 16:16:48","42.23005749999999","-71.75357429999997","42.09478477993398","-72.60566868932133","60.538708210029995","3950.0","4160.0","via:42.23344981832487,-71.74663919166761","1","210.0","210.0","210.0"
"5372169978370","30","1638925","1638930","2016-11-01 09:56:18","2016-11-01 10:29:18","42.23005749999999","-71.75357429999997","42.11388504188031","-71.4614324778097","27.942199707","1980.0","1980.0","","0","0","0","0"
"5372248647201","30","1638938","1638941","2016-11-01 13:41:38","2016-11-01 14:24:58","41.86981358034169","-71.53259107386363","42.26105924732181","-71.79780048892005","39.0649986267","2600.0","2600.0","","0","0","0","0"
"5371206331928","30","1638774","1638787","2016-10-27 11:37:18","2016-10-27 15:36:13","42.28160135907994","-71.68330343092327","42.167840614589316","-72.28980502814528","105.29219841954","8180.0","14335.0","via:42.24983165804485,-71.71491738218448","1","285.0","285.0","285.0"
"5371422653193","30","1638812","1638815","2016-10-28 15:18:28","2016-10-28 16:31:23","41.802431523690295","-71.3575717460983","42.23005749999999","-71.75357429999997","47.3174991608","3910.0","4375.0","via:42.03545764893725,-71.61862253900318","1","465.0","465.0","465.0"
"5371393154581","30","1638808","1638810","2016-10-28 10:32:58","2016-10-28 11:16:58","42.23005749999999","-71.75357429999997","42.235643508129264","-71.44011713821314","21.402299881","2640.0","2640.0","","0","0","0","0"
"5372071643140","30","1638910","1638915","2016-10-31 16:20:38","2016-10-31 17:26:33","42.33153138124604","-71.07242503328425","42.2912927377219","-71.48802015760269","31.93019056317","2395.0","3955.0","via:42.31162187553429,-71.42897654166447","1","1560.0","1560.0","1560.0"
"5372107699285","30","1638917","1638919","2016-10-31 18:46:58","2016-10-31 19:12:43","42.23005749999999","-71.75357429999997","42.341089422627846","-71.62957910745808","21.7565994263","1545.0","1545.0","","0","0","0","0"
"5371996253406","30","1638899","1638903","2016-10-31 11:17:28","2016-10-31 12:42:43","42.23005749999999","-71.75357429999997","41.80511279346918","-71.52405806788404","41.30683898923","3660.0","5115.0","via:42.19163719822526,-71.77059424501013","1","1455.0","1455.0","1455.0"
"5869666483148","52","1712707","1713563","2016-11-10 07:53:04","2016-11-10 08:28:54","42.39663833541347","-71.00855263273633","42.307610001131906","-71.106173732033","14.5468997955","2150.0","2150.0","","0","0","0","0"
"5376107404626","35","1639526","1639530","2016-11-03 12:22:46","2016-11-03 13:50:21","42.12753978426215","-71.02780128505042","42.34163447340638","-71.04741483865108","20.77530050277","3920.0","5255.0","via:42.16205303435938,-71.06247119612044|via:42.16205303435938,-71.06247119612044|via:42.16205303435938,-71.06247119612044","3","1335.0","1335.0","1335.0"
"5709969418335","35","1689134","1690205","2016-11-08 12:20:47","2016-11-08 13:32:32","42.12748976599005","-71.02788347422906","42.35143822270918","-71.04083351285834","18.10684061051","4095.0","4305.0","via:42.182927453490706,-71.0275161589163","1","210.0","210.0","210.0"
"5813685137141","35","1703529","1706363","2016-11-09 12:28:54","2016-11-09 14:19:49","42.127489451260395","-71.02790795125567","42.36235992211944","-71.0994259986467","25.18138980862","5545.0","6655.0","via:42.16213243589863,-71.06242610030314","1","1110.0","1110.0","1110.0"
"5927634075398","35","1721127","1722020","2016-11-11 11:41:04","2016-11-11 13:14:29","42.12746232788318","-71.02785348286683","42.35567742088401","-71.0519689294915","2.09880505502","770.0","5605.0","","0","0","0","0"
"6008366589297","35","1733088","1733427","2016-11-13 11:50:18","2016-11-13 12:22:33","42.127555799076944","-71.02792458678215","42.352025632632206","-71.05310611700045","17.8223991394","1935.0","1935.0","","0","0","0","0"
"7093935352179","43","1875680","1890998","2016-12-10 15:31:56","2016-12-10 17:29:26","42.3398011759042","-71.04530317549694","42.11683205466059","-71.2801739143253","34.79203951355","3445.0","7050.0","","0","0","0","0"
"7016778705785","43","1870944","1875194","2016-12-09 20:22:51","2016-12-09 21:42:36","42.31841906288417","-71.13954245954143","42.115806467892924","-71.28123343936221","29.0590991974","4785.0","4785.0","","0","0","0","0"
"6976468373623","43","1864942","1870420","2016-12-08 19:56:56","2016-12-08 22:01:01","42.84253203574861","-70.90254422057589","42.11680224324596","-71.28010743087225","73.6335983276","7445.0","7445.0","","0","0","0","0"
"6251623248028","35","1767992","1768000","2016-11-17 12:08:50","2016-11-17 14:07:40","42.12753976619499","-71.02785540095022","42.35242843376898","-71.05500323096996","20.95137977598","5360.0","7130.0","via:42.16200782210436,-71.06235809659952","1","1770.0","1770.0","1770.0"
"6251768224580","35","1768014","1768019","2016-11-17 15:55:55","2016-11-17 16:17:15","42.341644070439614","-71.04745411446119","42.391235667251756","-71.01332236246853","6.50154018402","1280.0","1280.0","","0","0","0","0"
"6300050157138","35","1774814","1774847","2016-11-20 16:04:41","2016-11-21 14:00:11","42.360721986741886","-71.06106757729694","42.51455987971568","-71.13664126586677","115.22177240256002","12087.0","78930.0","via:42.183007818287464,-71.02753348726803","1","720.0","720.0","720.0"
"6587226747154","43","1814461","1815201","2016-11-28 14:55:21","2016-11-28 16:00:41","42.34258779030799","-71.2408073619749","42.58878938704653","-71.37527951226676","28.55145072933","2435.0","3920.0","via:42.43979101062249,-71.25816796923932","1","1485.0","1485.0","1485.0"
"6297342056102","43","1774447","1774451","2016-11-18 18:23:56","2016-11-18 19:26:36","42.116868264486406","-71.2802350635521","42.37486315943117","-71.08846155489104","31.9950008392","3760.0","3760.0","","0","0","0","0"
"6297263980566","43","1774436","1774440","2016-11-18 15:18:51","2016-11-18 16:04:51","42.11658194549878","-71.280275941685","42.32276298221464","-71.06708606025492","27.2623004913","2760.0","2760.0","","0","0","0","0"
"6296866508500","43","1778494","1770270","2016-11-17 18:10:21","2016-11-17 20:09:46","42.11679738267924","-71.2803634231017","42.41018737905715","-71.27372958162513","60.82291215659","4360.0","22505.0","","0","0","0","0"
"5910987828051","52","1719153","1719156","2016-11-10 23:37:39","2016-11-11 01:02:39","42.39510612038153","-71.02088126204947","42.4333857710631","-71.68640020767879","58.5145988464","5100.0","5100.0","","0","0","0","0"
"5911015334563","52","1719157","1719160","2016-11-11 03:28:14","2016-11-11 03:43:34","42.39680138785567","-71.00788909470671","42.39575079936561","-71.06625870488342","5.9251999855","920.0","920.0","","0","0","0","0"
"5920546753418","52","1720086","1721002","2016-11-11 07:51:44","2016-11-11 08:37:04","42.39693039166279","-71.00797311846802","42.26496145280326","-71.12088355759352","21.8239994049","2720.0","2720.0","","0","0","0","0"
"6319687968145","35","1777499","1777690","2016-11-22 14:50:27","2016-11-22 14:55:32","42.3617135904764","-71.10260337638928","42.36197946018328","-71.1006400468948","1.05163002014","305.0","305.0","","0","0","0","0"
"6354915529347","35","1781807","1783277","2016-11-23 12:00:37","2016-11-23 13:17:12","42.12750787244793","-71.02789429251229","42.35711923339424","-71.05767503175767","19.16825124622","3150.0","4595.0","via:42.35868807208822,-71.05728016285465","1","1445.0","1445.0","1445.0"
"5477841474368","57","1652584","1657352","2016-11-04 21:16:35","2016-11-04 23:20:40","42.31142856544019","-71.3637412096135","41.88676462781201","-71.36833618098194","49.5204982758","3995.0","7445.0","via:42.29284675521094,-71.2349520229172|via:42.29284675521094,-71.2349520229172","2","3450.0","3450.0","3450.0"
"6346148446243","57","1780381","1782243","2016-11-23 02:42:13","2016-11-23 04:08:13","40.78972773319905","-74.3912913270746","40.71543309615855","-75.38798564173368","73.73759919407","4700.0","5160.0","","0","0","0","0"
"6440302585939","57","1793506","1795449","2016-11-25 04:26:25","2016-11-25 04:58:20","40.68805892050996","-75.1520771785411","40.715073493711316","-75.38405720440191","21.510357588530002","1580.0","1915.0","","0","0","0","0"
"6581848684382","57","1814088","1814092","2016-11-27 22:14:02","2016-11-28 03:33:22","41.88664069205166","-71.36826932229734","40.715468788494604","-75.38729393249629","306.15073144419","18675.0","19160.0","","0","0","0","0"
"6640453956671","57","1821879","1822418","2016-11-29 21:47:24","2016-11-29 22:14:39","40.68813514994257","-75.15191997981343","40.71324626752035","-75.38434923483169","19.390499115","1635.0","1635.0","","0","0","0","0"
"6724229260899","57","1833605","1833608","2016-12-01 15:35:56","2016-12-01 20:40:36","41.88657968763778","-71.36828862251193","40.71276987664285","-75.38368237710073","315.356994629","18280.0","18280.0","","0","0","0","0"
"6976371253214","57","1866238","1869098","2016-12-09 02:41:15","2016-12-09 03:05:15","40.68809724928553","-75.1519226274834","40.71398203607506","-75.38366842664587","20.1755008698","1440.0","1440.0","","0","0","0","0"
"5443604189913","43","1649339","1650237","2016-11-04 14:36:16","2016-11-04 15:58:36","42.11687400358721","-71.2803050923004","42.63371051615972","-71.24459705410658","53.45587897299","3855.0","4940.0","via:42.10257288477639,-71.25917167684347","1","1085.0","1085.0","1085.0"
"5475521455803","43","1650662","1658573","2016-11-04 17:37:11","2016-11-04 18:13:56","42.343336507653476","-71.24200281041132","42.116778826252585","-71.28029619058037","25.3155994415","2205.0","2205.0","","0","0","0","0"
"5643126844826","43","1678926","1680575","2016-11-07 15:40:26","2016-11-07 17:19:51","42.345737681709025","-71.17633005930168","42.31733787924881","-71.36410881064545","17.84717047212","2675.0","5965.0","via:42.310958339342776,-71.21349331871141|via:42.30564987783937,-71.21836109136079","2","1280.0","2010.0","1645.0"
"5752984641626","43","1695408","1696636","2016-11-08 23:28:11","2016-11-09 00:15:56","42.11685045634832","-71.28028020599251","42.35405645081313","-71.11099451832392","34.28150177","2865.0","2865.0","","0","0","0","0"
"5824110438832","43","1705942","1707006","2016-11-09 16:48:11","2016-11-09 17:05:01","42.116809099026305","-71.28031495133916","42.02094673049573","-71.26605768085108","12.2544002533","1010.0","1010.0","","0","0","0","0"
"6243065518291","43","1788086","1745485","2016-11-12 18:11:31","2016-11-11 20:34:21","42.21428770572568","-71.23980656825142","42.3218220517493","-71.06628461233706","14.638290166860001","2395.0","80480.0","via:42.13458208333846,-71.26082802243269|via:42.28411409978848,-71.08239806913161","2","255.0","905.0","580.0"
"6394395802085","43","1788067","1788074","2016-11-11 14:27:51","2016-11-11 16:32:31","42.11685151295942","-71.27995580957544","42.34857930897268","-71.03047700556596","37.2981398106","3665.0","7480.0","via:42.11685824109718,-71.28027875014747","1","2850.0","2850.0","2850.0"
"6394127594246","43","1788031","1788035","2016-11-10 17:31:21","2016-11-10 18:38:26","42.11676288547079","-71.28027068004835","42.58983530048782","-71.37525765266619","50.0797996521","4025.0","4025.0","","0","0","0","0"
"6394191963615","43","1788039","1788045","2016-11-10 20:43:06","2016-11-10 21:49:01","42.11679387490142","-71.28033209168562","42.381675472725455","-71.06361920000545","32.50751769544","3455.0","3955.0","","0","0","0","0"
"7206558062592","57","1897898","1898562","2016-12-13 21:46:28","2016-12-13 22:13:53","40.6879326895655","-75.15239732843246","40.71276626467563","-75.38398613346374","17.3526000977","1645.0","1645.0","","0","0","0","0"
"5638783844391","56","1678553","1679655","2016-11-07 14:47:38","2016-11-07 15:57:53","42.31612896727541","-71.03856307796666","42.357563839859424","-71.05218908091015","7.63108992576","1890.0","4215.0","","0","0","0","0"
"5686352027168","56","1686171","1686172","2016-11-08 04:03:13","2016-11-08 04:37:03","42.573809531247335","-71.11209231696338","42.36303216666513","-71.13003560465815","22.4806003571","2030.0","2030.0","","0","0","0","0"
"7176699519382","40","1891783","1896804","2016-12-12 17:59:25","2016-12-13 16:17:45","42.54602766199436","-71.74839904323593","42.760240434209855","-71.08676825998108","320.25837934007006","29215.0","80300.0","via:42.5427961656756,-71.59183174603214|via:42.5512812247018,-71.53663253273659|via:42.340005427607636,-71.01427296926995|via:42.340005427607636,-71.01427296926995|via:42.337389359371855,-71.06089449479686|via:42.337389359371855,-71.06089449479686|via:42.33981149293264,-71.01986501533864|via:42.33981149293264,-71.01986501533864|via:42.337325921870324,-71.06098780989063|via:42.33735976775901,-71.06095407376723|via:41.38204458735797,-71.51079174873112|via:41.38204458735797,-71.51079174873112|via:41.42873645578367,-71.48028623469183|via:42.34307965770758,-71.04104672523522|via:42.339649010357036,-71.02052900767222","15","240.0","1040.0","675.6666666666666"
"5719780473283","56","1691119","1691122","2016-11-08 14:41:08","2016-11-08 15:15:23","42.57387247043066","-71.11217881317417","42.47351116992951","-70.97693204091252","14.96165674923","1785.0","2055.0","via:42.56635476060181,-71.10733878484363|via:42.56635476060181,-71.10733878484363","2","270.0","270.0","270.0"
"5821854698033","54","1705582","1706705","2016-11-09 14:48:27","2016-11-09 16:00:42","42.19811537215966","-71.76711132007728","42.18526643250993","-71.8141475234157","19.312220573429997","2640.0","4335.0","via:42.2375834520548,-71.79238517351507|via:42.24312517632609,-71.87043754590003|via:42.24590700432263,-71.89568508225493","3","345.0","990.0","565.0"
"5835559677603","54","1708149","1708152","2016-11-09 18:56:47","2016-11-09 19:05:52","42.26096452576364","-71.820977794689","42.287410451668","-71.80916486666999","2.45579004288","545.0","545.0","","0","0","0","0"
"6393011910043","54","1787846","1787908","2016-11-10 20:10:17","2016-11-10 22:49:22","42.256480534718754","-71.95654526736043","42.291499053106506","-71.79103947840426","16.84753608706","2570.0","9545.0","via:42.24524962022132,-71.90767924863769|via:42.24569672996202,-71.89589329746964|via:42.24643033104931,-71.90964615753425|via:42.246000741150496,-71.89589152405753","4","300.0","5925.0","1743.75"
"6393287246113","54","1787914","1787917","2016-11-10 23:58:12","2016-11-11 00:53:07","42.076143562191056","-72.0374977835836","42.190995107910794","-71.90650987409923","21.026750087769997","2305.0","3295.0","via:42.24573007203115,-71.89577837520906","1","990.0","990.0","990.0"
"6393401673248","54","1787931","1787932","2016-11-11 14:02:47","2016-11-11 14:12:07","42.23112587247043","-71.87582241159392","42.181810840581726","-71.86378488115997","4.44714021683","560.0","560.0","","0","0","0","0"
"5974726206402","54","1728398","1728399","2016-11-12 03:03:37","2016-11-12 03:17:22","42.36553516180778","-71.84645108737766","42.32372456666334","-71.79730105555","5.78699016571","825.0","825.0","","0","0","0","0"
"5989987332050","54","1730604","1730605","2016-11-12 23:41:12","2016-11-12 23:52:57","42.24062885658837","-71.85435653875582","42.27109358956861","-71.8073972632017","3.52980995178","705.0","705.0","","0","0","0","0"
"6997536759001","54","1870498","1870500","2016-12-09 18:03:04","2016-12-09 18:36:34","42.242308837224016","-71.99708585539821","42.22908620112126","-71.72132379720033","21.8076992035","2010.0","2010.0","","0","0","0","0"
"7041821470683","54","1876287","1876530","2016-12-10 18:59:19","2016-12-10 19:14:29","42.259294105529115","-71.88851812730404","42.25421504819632","-71.84617851498032","5.45579004288","910.0","910.0","","0","0","0","0"
"5814622894112","56","1705083","1705084","2016-11-09 12:26:21","2016-11-09 13:40:16","42.57390677083437","-71.11216971615156","42.300865587876196","-71.40673599630388","31.3145999908","4435.0","4435.0","","0","0","0","0"
"6396158961615","56","1788314","1788320","2016-11-14 14:21:09","2016-11-14 15:35:09","42.56597403876055","-71.10734728350644","42.34687452779175","-71.0254191515649","19.41395044328","3675.0","4440.0","","0","0","0","0"
"6277894914467","56","1788352","1755062","2016-11-14 22:45:14","2016-11-14 22:49:54","42.574037353304945","-71.11227559598417","42.34708998070108","-71.02553410877368","1.91671001911","280.0","48718.0","","0","0","0","0"
"6220167829624","56","1759616","1767469","2016-11-15 19:30:23","2016-11-16 13:33:42","42.57407255496537","-71.11231179868645","43.71054514643099","-71.65309863641318","91.97486948964","7125.0","64999.0","","0","0","0","0"
"6298523894913","56","1774614","1774617","2016-11-18 11:05:12","2016-11-18 12:05:22","42.57391165426448","-71.11212529201158","42.34453986254059","-71.03834152864462","18.381288588009998","3310.0","3610.0","via:42.56633148110842,-71.1073907986937|via:42.56633148110842,-71.1073907986937","2","300.0","300.0","300.0"
"6298669414266","56","1774634","1774638","2016-11-18 16:09:12","2016-11-18 16:45:27","42.57391582925049","-71.11208521405194","42.50539441916031","-70.89696764747166","18.6660995483","2175.0","2175.0","","0","0","0","0"
"6250569566872","56","1767487","1768207","2016-11-16 22:23:17","2016-11-17 13:07:09","42.57401576153943","-71.11205664011075","43.698831117111446","-71.64196986814474","1.92147994041","6676.0","53032.0","","0","0","0","0"
"6320007939393","56","1777446","1777833","2016-11-22 14:37:16","2016-11-22 15:25:46","42.5738172670333","-71.11159591201351","42.399177974251295","-71.06386081917029","16.5471992493","2910.0","2910.0","","0","0","0","0"
"6453947855171","56","1778974","1813781","2016-11-22 22:04:01","2016-11-23 01:37:06","42.57394058015937","-71.11219356286222","42.264068964148194","-71.82111048953972","72.14592158795","5040.0","12785.0","via:42.589445881898676,-71.11593601323973|via:42.589445881898676,-71.11593601323973","2","750.0","750.0","750.0"
"6588932799093","56","1814817","1815315","2016-11-28 15:42:57","2016-11-28 16:25:42","42.57396745958877","-71.11227848925822","42.375595297589754","-71.19966973765588","22.4046993256","2565.0","2565.0","","0","0","0","0"
"6629037637448","56","1820581","1820582","2016-11-29 14:43:19","2016-11-29 15:05:39","42.56554554022931","-71.10748277873273","42.38465505102253","-71.07480798511583","15.5264997482","1340.0","1340.0","","0","0","0","0"
"6664389369800","56","1825429","1825430","2016-11-30 11:45:40","2016-11-30 11:47:40","42.57390526824439","-71.11212735995977","42.56640100357125","-71.10733540675699","0.60888499022","120.0","120.0","","0","0","0","0"
"6664433180194","56","1825433","1825438","2016-11-30 16:00:05","2016-11-30 16:13:35","42.31627444091329","-71.03850266027561","42.34688178352734","-71.02551651656115","4.18589019775","810.0","810.0","","0","0","0","0"
"6705960624776","56","1830558","1831670","2016-12-01 12:47:21","2016-12-01 13:52:21","42.57390302763525","-71.11212213730258","42.385383555554164","-71.07653527778126","15.3065004349","3900.0","3900.0","","0","0","0","0"
"6724192589042","56","1833367","1833836","2016-12-01 21:52:06","2016-12-01 23:12:31","42.57392428284634","-71.11225715815037","42.34885381134309","-71.18982323738472","30.82038927076","4645.0","4825.0","","0","0","0","0"
"6972886619246","56","1865563","1868840","2016-12-08 21:16:00","2016-12-08 23:25:25","42.56672723449108","-71.10900943316511","42.264200249600066","-71.82120602471232","61.2519388199","5740.0","7765.0","via:42.56807927330094,-71.15966301865456|via:42.56807927330094,-71.15966301865456","2","2025.0","2025.0","2025.0"
"6998703999753","56","1870262","1871048","2016-12-09 18:19:12","2016-12-09 20:03:57","42.57390041173436","-71.1122883036331","42.26416032344641","-71.82114210979793","65.3772985935","4415.0","6285.0","via:42.58046404166111,-71.11300578009583","1","360.0","360.0","360.0"
"7176146395111","56","1892791","1895650","2016-12-12 23:18:08","2016-12-12 23:43:13","42.57096219385905","-71.11222866595304","42.52103234442393","-70.91632082639438","15.673500061","1505.0","1505.0","","0","0","0","0"
"7190917545462","56","1896167","1896171","2016-12-13 13:28:16","2016-12-13 14:45:26","42.565972574024556","-71.10736401784418","42.34716034447975","-71.0250875671639","19.3551006317","4630.0","4630.0","","0","0","0","0"
"6453800535886","38","1796083","1796631","2016-11-25 13:06:43","2016-11-25 16:11:13","42.68902718510637","-71.18638654680937","42.49719282557442","-73.67021713565813","185.9192962647","10440.0","11070.0","via:42.29801619947874,-73.27441239501103|via:42.29801619947874,-73.27441239501103","2","630.0","630.0","630.0"
"6585401153387","38","1813992","1815167","2016-11-28 11:45:38","2016-11-28 16:44:48","42.689028507204796","-71.1859236387173","42.497085927674505","-73.67021066374022","208.40307807906999","14895.0","17950.0","via:42.33634004767532,-71.06228612170622|via:42.33634004767532,-71.06228612170622|via:42.298031936173395,-73.2742792375915|via:42.298031936173395,-73.2742792375915","4","465.0","2145.0","1305.0"
"6980973945956","38","1868208","1868360","2016-12-05 12:03:13","2016-12-05 16:49:33","42.68905835700021","-71.18603293137323","42.4970550650408","-73.67038155579732","204.8203964237","15155.0","17180.0","via:42.33634674261183,-71.0622696379293|via:42.33634674261183,-71.0622696379293","2","2025.0","2025.0","2025.0"
"6947579159930","61","1863700","1863920","2016-12-08 16:16:07","2016-12-08 16:19:02","42.34830661804628","-71.06372453212765","42.35260156031468","-71.06269762296517","0.39718401432","175.0","175.0","","0","0","0","0"
"7324089681423","61","1913441","1913852","2016-12-16 15:44:54","2016-12-16 15:49:09","42.348687013531745","-71.06360160507639","42.35576806643586","-71.06133628352974","0.7914519906","255.0","255.0","","0","0","0","0"
"7348562674279","61","1914806","1918876","2016-12-16 21:14:44","2016-12-16 22:22:34","42.3548590834943","-71.06242881319875","42.352453250479925","-71.06280253697369","20.2401008606","4070.0","61135.0","","0","0","0","0"
"6980043571358","30","1868001","1868318","2016-12-05 14:11:20","2016-12-05 14:23:05","42.279081452886246","-71.79378500887083","41.91734603653656","-71.44771567293327","4.09847021103","705.0","705.0","","0","0","0","0"
"7621525467739","56","1951990","1952244","2016-12-23 13:44:57","2016-12-23 13:46:37","42.34709968879944","-71.03163426676734","42.346810035539335","-71.02538411214246","0.3637650013","100.0","100.0","","0","0","0","0"
"7930097370700","61","1990640","1991845","2016-12-28 17:01:00","2016-12-28 17:02:45","42.354752845428834","-71.06225637753477","42.35001380772081","-71.06061252638031","0.5817989707","105.0","105.0","","0","0","0","0"
"7968327410740","61","1996034","1996039","2016-12-29 18:20:30","2016-12-29 18:34:55","42.34946229127354","-71.06389817538016","42.36065924709484","-71.05456655064727","1.86821997166","865.0","865.0","","0","0","0","0"
"7042654491943","48","2005376","1747663","2016-11-14 14:29:08","2016-11-14 15:17:23","40.6218612","-73.99864579999996","40.77820810904565","-73.73290841928286","9.08864217997","2230.0","2895.0","via:40.76703447996843,-73.73921881730064|via:40.76703447996843,-73.73921881730064|via:40.76703447996843,-73.73921881730064","3","275.0","275.0","275.0"
